Model,Test MSE,Test RMSE,Type,epochs,key,look_back
mlp_model,0.9751093601108539,0.9874762579985678,BreadCrumb,25,mlp_model_epochs_25_look_back_1_batch_size_4_ip_units_12_hidden_units_[8]_op_units_1,1
mlp_model,0.9752236217878788,0.9875341117084913,BreadCrumb,50,mlp_model_epochs_50_look_back_1_batch_size_4_ip_units_12_hidden_units_[8]_op_units_1,1
mlp_model,0.9753282718036486,0.9875870958065666,BreadCrumb,100,mlp_model_epochs_100_look_back_1_batch_size_4_ip_units_12_hidden_units_[8]_op_units_1,1
mlp_model,0.9752062006665784,0.987525291152879,BreadCrumb,200,mlp_model_epochs_200_look_back_1_batch_size_4_ip_units_12_hidden_units_[8]_op_units_1,1
mlp_model,1.0127920767322915,1.0063757135047982,BreadCrumb,25,mlp_model_epochs_25_look_back_10_batch_size_4_ip_units_12_hidden_units_[8]_op_units_1,10
mlp_model,1.0146922486544143,1.0073193379730254,BreadCrumb,50,mlp_model_epochs_50_look_back_10_batch_size_4_ip_units_12_hidden_units_[8]_op_units_1,10
mlp_model,1.0364628080192755,1.0180681745439621,BreadCrumb,100,mlp_model_epochs_100_look_back_10_batch_size_4_ip_units_12_hidden_units_[8]_op_units_1,10
mlp_model,1.1817221845916213,1.0870704598100445,BreadCrumb,200,mlp_model_epochs_200_look_back_10_batch_size_4_ip_units_12_hidden_units_[8]_op_units_1,10
mlp_model,1.076556848298408,1.0375725749548357,BreadCrumb,25,mlp_model_epochs_25_look_back_20_batch_size_4_ip_units_12_hidden_units_[8]_op_units_1,20
mlp_model,1.0961749261945612,1.0469837277601601,BreadCrumb,50,mlp_model_epochs_50_look_back_20_batch_size_4_ip_units_12_hidden_units_[8]_op_units_1,20
mlp_model,1.0885749789448376,1.0433479663778702,BreadCrumb,100,mlp_model_epochs_100_look_back_20_batch_size_4_ip_units_12_hidden_units_[8]_op_units_1,20
mlp_model,1.1023981063626707,1.0499514780991885,BreadCrumb,200,mlp_model_epochs_200_look_back_20_batch_size_4_ip_units_12_hidden_units_[8]_op_units_1,20
mlp_model,1.1163302392233163,1.056565302867417,BreadCrumb,25,mlp_model_epochs_25_look_back_30_batch_size_4_ip_units_12_hidden_units_[8]_op_units_1,30
mlp_model,1.2309019091938223,1.1094601881968646,BreadCrumb,50,mlp_model_epochs_50_look_back_30_batch_size_4_ip_units_12_hidden_units_[8]_op_units_1,30
mlp_model,1.1982235597513085,1.094633984376197,BreadCrumb,100,mlp_model_epochs_100_look_back_30_batch_size_4_ip_units_12_hidden_units_[8]_op_units_1,30
mlp_model,1.3571231094579812,1.1649562693328799,BreadCrumb,200,mlp_model_epochs_200_look_back_30_batch_size_4_ip_units_12_hidden_units_[8]_op_units_1,30
mlp_model,1.294356780074467,1.1376980179619138,BreadCrumb,25,mlp_model_epochs_25_look_back_40_batch_size_4_ip_units_12_hidden_units_[8]_op_units_1,40
mlp_model,1.361104480434801,1.1666638249447872,BreadCrumb,50,mlp_model_epochs_50_look_back_40_batch_size_4_ip_units_12_hidden_units_[8]_op_units_1,40
mlp_model,1.5662299955664116,1.2514911088643066,BreadCrumb,100,mlp_model_epochs_100_look_back_40_batch_size_4_ip_units_12_hidden_units_[8]_op_units_1,40
mlp_model,1.8904672006512862,1.3749426172212738,BreadCrumb,200,mlp_model_epochs_200_look_back_40_batch_size_4_ip_units_12_hidden_units_[8]_op_units_1,40
mlp_model,1.251728437804416,1.1188067026097117,BreadCrumb,25,mlp_model_epochs_25_look_back_50_batch_size_4_ip_units_12_hidden_units_[8]_op_units_1,50
mlp_model,1.3992575579414182,1.1829021759813523,BreadCrumb,50,mlp_model_epochs_50_look_back_50_batch_size_4_ip_units_12_hidden_units_[8]_op_units_1,50
mlp_model,2.6427056068444954,1.6256400606667194,BreadCrumb,100,mlp_model_epochs_100_look_back_50_batch_size_4_ip_units_12_hidden_units_[8]_op_units_1,50
mlp_model,2.989395177831837,1.7289867488884456,BreadCrumb,200,mlp_model_epochs_200_look_back_50_batch_size_4_ip_units_12_hidden_units_[8]_op_units_1,50
mlp_model,0.308737629384038,0.5556416375543125,Candy,25,mlp_model_epochs_25_look_back_1_batch_size_4_ip_units_12_hidden_units_[8]_op_units_1,1
mlp_model,0.3085931247107596,0.555511588277652,Candy,50,mlp_model_epochs_50_look_back_1_batch_size_4_ip_units_12_hidden_units_[8]_op_units_1,1
mlp_model,0.3087366624282518,0.5556407674282475,Candy,100,mlp_model_epochs_100_look_back_1_batch_size_4_ip_units_12_hidden_units_[8]_op_units_1,1
mlp_model,0.3092216943637302,0.5560770579368746,Candy,200,mlp_model_epochs_200_look_back_1_batch_size_4_ip_units_12_hidden_units_[8]_op_units_1,1
mlp_model,0.32586115430735174,0.5708424951835241,Candy,25,mlp_model_epochs_25_look_back_10_batch_size_4_ip_units_12_hidden_units_[8]_op_units_1,10
mlp_model,0.32769265070130105,0.572444452066138,Candy,50,mlp_model_epochs_50_look_back_10_batch_size_4_ip_units_12_hidden_units_[8]_op_units_1,10
mlp_model,0.3316669990842948,0.5759053733768204,Candy,100,mlp_model_epochs_100_look_back_10_batch_size_4_ip_units_12_hidden_units_[8]_op_units_1,10
mlp_model,0.33251633148613674,0.5766422907541007,Candy,200,mlp_model_epochs_200_look_back_10_batch_size_4_ip_units_12_hidden_units_[8]_op_units_1,10
mlp_model,0.37094409284818697,0.6090517981651371,Candy,25,mlp_model_epochs_25_look_back_20_batch_size_4_ip_units_12_hidden_units_[8]_op_units_1,20
mlp_model,0.36819814581077737,0.6067933303941115,Candy,50,mlp_model_epochs_50_look_back_20_batch_size_4_ip_units_12_hidden_units_[8]_op_units_1,20
mlp_model,0.4090987257659435,0.639608259613604,Candy,100,mlp_model_epochs_100_look_back_20_batch_size_4_ip_units_12_hidden_units_[8]_op_units_1,20
mlp_model,0.41287816087635726,0.6425559593345604,Candy,200,mlp_model_epochs_200_look_back_20_batch_size_4_ip_units_12_hidden_units_[8]_op_units_1,20
mlp_model,0.4002679315661745,0.632667315076553,Candy,25,mlp_model_epochs_25_look_back_30_batch_size_4_ip_units_12_hidden_units_[8]_op_units_1,30
mlp_model,0.4392802812258846,0.6627822276026151,Candy,50,mlp_model_epochs_50_look_back_30_batch_size_4_ip_units_12_hidden_units_[8]_op_units_1,30
mlp_model,0.44786464371957535,0.6692269000268708,Candy,100,mlp_model_epochs_100_look_back_30_batch_size_4_ip_units_12_hidden_units_[8]_op_units_1,30
mlp_model,0.44488990932170835,0.6670006816501077,Candy,200,mlp_model_epochs_200_look_back_30_batch_size_4_ip_units_12_hidden_units_[8]_op_units_1,30
mlp_model,0.4421425331732102,0.6649379919761016,Candy,25,mlp_model_epochs_25_look_back_40_batch_size_4_ip_units_12_hidden_units_[8]_op_units_1,40
mlp_model,0.4775541318100703,0.691052915347349,Candy,50,mlp_model_epochs_50_look_back_40_batch_size_4_ip_units_12_hidden_units_[8]_op_units_1,40
mlp_model,0.49179711209166205,0.7012824766751712,Candy,100,mlp_model_epochs_100_look_back_40_batch_size_4_ip_units_12_hidden_units_[8]_op_units_1,40
mlp_model,0.4919195766082016,0.7013697859248014,Candy,200,mlp_model_epochs_200_look_back_40_batch_size_4_ip_units_12_hidden_units_[8]_op_units_1,40
mlp_model,0.43317650105603334,0.6581614551582562,Candy,25,mlp_model_epochs_25_look_back_50_batch_size_4_ip_units_12_hidden_units_[8]_op_units_1,50
mlp_model,0.43269833955028114,0.6577980993817792,Candy,50,mlp_model_epochs_50_look_back_50_batch_size_4_ip_units_12_hidden_units_[8]_op_units_1,50
mlp_model,0.4060060548095042,0.6371860441107481,Candy,100,mlp_model_epochs_100_look_back_50_batch_size_4_ip_units_12_hidden_units_[8]_op_units_1,50
mlp_model,0.43734853441356775,0.6613233206333856,Candy,200,mlp_model_epochs_200_look_back_50_batch_size_4_ip_units_12_hidden_units_[8]_op_units_1,50
mlp_model,3.3465876920892317,1.829368112789012,Default,25,mlp_model_epochs_25_look_back_1_batch_size_4_ip_units_12_hidden_units_[8]_op_units_1,1
mlp_model,3.382116653231293,1.839053194780209,Default,50,mlp_model_epochs_50_look_back_1_batch_size_4_ip_units_12_hidden_units_[8]_op_units_1,1
mlp_model,4.224890004033628,2.055453722182435,Default,100,mlp_model_epochs_100_look_back_1_batch_size_4_ip_units_12_hidden_units_[8]_op_units_1,1
mlp_model,3.3985840869044126,1.8435249081323564,Default,200,mlp_model_epochs_200_look_back_1_batch_size_4_ip_units_12_hidden_units_[8]_op_units_1,1
mlp_model,9.56182442336786,3.0922199830167094,Default,25,mlp_model_epochs_25_look_back_10_batch_size_4_ip_units_12_hidden_units_[8]_op_units_1,10
mlp_model,6.453144055898072,2.540303929827703,Default,50,mlp_model_epochs_50_look_back_10_batch_size_4_ip_units_12_hidden_units_[8]_op_units_1,10
mlp_model,8.559689756299628,2.925694747628267,Default,100,mlp_model_epochs_100_look_back_10_batch_size_4_ip_units_12_hidden_units_[8]_op_units_1,10
mlp_model,4.2179569611783885,2.053766530348177,Default,200,mlp_model_epochs_200_look_back_10_batch_size_4_ip_units_12_hidden_units_[8]_op_units_1,10
mlp_model,5.144030395736042,2.2680455012490475,Default,25,mlp_model_epochs_25_look_back_20_batch_size_4_ip_units_12_hidden_units_[8]_op_units_1,20
mlp_model,5.056976404964415,2.2487721994378207,Default,50,mlp_model_epochs_50_look_back_20_batch_size_4_ip_units_12_hidden_units_[8]_op_units_1,20
mlp_model,5.093160196884066,2.2568030921824054,Default,100,mlp_model_epochs_100_look_back_20_batch_size_4_ip_units_12_hidden_units_[8]_op_units_1,20
mlp_model,5.965928746084882,2.442525075835432,Default,200,mlp_model_epochs_200_look_back_20_batch_size_4_ip_units_12_hidden_units_[8]_op_units_1,20
mlp_model,5.431364481886023,2.3305287987677867,Default,25,mlp_model_epochs_25_look_back_30_batch_size_4_ip_units_12_hidden_units_[8]_op_units_1,30
mlp_model,5.297056691987174,2.3015335522184275,Default,50,mlp_model_epochs_50_look_back_30_batch_size_4_ip_units_12_hidden_units_[8]_op_units_1,30
mlp_model,5.53954324551991,2.353623428996217,Default,100,mlp_model_epochs_100_look_back_30_batch_size_4_ip_units_12_hidden_units_[8]_op_units_1,30
mlp_model,5.604641565254757,2.3674124197644053,Default,200,mlp_model_epochs_200_look_back_30_batch_size_4_ip_units_12_hidden_units_[8]_op_units_1,30
mlp_model,6.525749571969576,2.554554671947652,Default,25,mlp_model_epochs_25_look_back_40_batch_size_4_ip_units_12_hidden_units_[8]_op_units_1,40
mlp_model,9.605258380141214,3.099235128243937,Default,50,mlp_model_epochs_50_look_back_40_batch_size_4_ip_units_12_hidden_units_[8]_op_units_1,40
mlp_model,4.579025302534905,2.1398657206784972,Default,100,mlp_model_epochs_100_look_back_40_batch_size_4_ip_units_12_hidden_units_[8]_op_units_1,40
mlp_model,5.706389881740106,2.3888051158979264,Default,200,mlp_model_epochs_200_look_back_40_batch_size_4_ip_units_12_hidden_units_[8]_op_units_1,40
mlp_model,4.630226659241552,2.1517961472317846,Default,25,mlp_model_epochs_25_look_back_50_batch_size_4_ip_units_12_hidden_units_[8]_op_units_1,50
mlp_model,7.391529061922845,2.718736666527828,Default,50,mlp_model_epochs_50_look_back_50_batch_size_4_ip_units_12_hidden_units_[8]_op_units_1,50
mlp_model,5.609692534979652,2.3684789496593908,Default,100,mlp_model_epochs_100_look_back_50_batch_size_4_ip_units_12_hidden_units_[8]_op_units_1,50
mlp_model,8.22300540904204,2.867578317856731,Default,200,mlp_model_epochs_200_look_back_50_batch_size_4_ip_units_12_hidden_units_[8]_op_units_1,50
mlp_model,0.0177723728120327,0.13331306317099123,Dip,25,mlp_model_epochs_25_look_back_1_batch_size_4_ip_units_12_hidden_units_[8]_op_units_1,1
mlp_model,0.01819426380097866,0.13488611418889143,Dip,50,mlp_model_epochs_50_look_back_1_batch_size_4_ip_units_12_hidden_units_[8]_op_units_1,1
mlp_model,0.01837126351892948,0.13554063419849224,Dip,100,mlp_model_epochs_100_look_back_1_batch_size_4_ip_units_12_hidden_units_[8]_op_units_1,1
mlp_model,0.017866091802716255,0.13366410065053463,Dip,200,mlp_model_epochs_200_look_back_1_batch_size_4_ip_units_12_hidden_units_[8]_op_units_1,1
mlp_model,0.007346350234001875,0.08571085248672933,Dip,25,mlp_model_epochs_25_look_back_10_batch_size_4_ip_units_12_hidden_units_[8]_op_units_1,10
mlp_model,0.009454037994146347,0.09723187745871385,Dip,50,mlp_model_epochs_50_look_back_10_batch_size_4_ip_units_12_hidden_units_[8]_op_units_1,10
mlp_model,0.007668403908610344,0.08756942336575219,Dip,100,mlp_model_epochs_100_look_back_10_batch_size_4_ip_units_12_hidden_units_[8]_op_units_1,10
mlp_model,0.008210796862840652,0.09061344747244005,Dip,200,mlp_model_epochs_200_look_back_10_batch_size_4_ip_units_12_hidden_units_[8]_op_units_1,10
mlp_model,0.012453642673790455,0.11159589003986865,Dip,25,mlp_model_epochs_25_look_back_20_batch_size_4_ip_units_12_hidden_units_[8]_op_units_1,20
mlp_model,0.008230804465711117,0.09072378114756416,Dip,50,mlp_model_epochs_50_look_back_20_batch_size_4_ip_units_12_hidden_units_[8]_op_units_1,20
mlp_model,0.009679644368588924,0.098385183684277,Dip,100,mlp_model_epochs_100_look_back_20_batch_size_4_ip_units_12_hidden_units_[8]_op_units_1,20
mlp_model,0.01676449179649353,0.129477765645278,Dip,200,mlp_model_epochs_200_look_back_20_batch_size_4_ip_units_12_hidden_units_[8]_op_units_1,20
mlp_model,0.008092871867120266,0.08996039054561883,Dip,25,mlp_model_epochs_25_look_back_30_batch_size_4_ip_units_12_hidden_units_[8]_op_units_1,30
mlp_model,0.007340507116168737,0.08567675948685698,Dip,50,mlp_model_epochs_50_look_back_30_batch_size_4_ip_units_12_hidden_units_[8]_op_units_1,30
mlp_model,0.007800207007676363,0.08831878060569204,Dip,100,mlp_model_epochs_100_look_back_30_batch_size_4_ip_units_12_hidden_units_[8]_op_units_1,30
mlp_model,0.017517223954200745,0.13235264997045107,Dip,200,mlp_model_epochs_200_look_back_30_batch_size_4_ip_units_12_hidden_units_[8]_op_units_1,30
mlp_model,0.011845276691019535,0.10883600824644174,Dip,25,mlp_model_epochs_25_look_back_40_batch_size_4_ip_units_12_hidden_units_[8]_op_units_1,40
mlp_model,0.014033290557563305,0.11846219041349566,Dip,50,mlp_model_epochs_50_look_back_40_batch_size_4_ip_units_12_hidden_units_[8]_op_units_1,40
mlp_model,0.01315133273601532,0.11467926026974241,Dip,100,mlp_model_epochs_100_look_back_40_batch_size_4_ip_units_12_hidden_units_[8]_op_units_1,40
mlp_model,0.014565694145858288,0.12068841761270337,Dip,200,mlp_model_epochs_200_look_back_40_batch_size_4_ip_units_12_hidden_units_[8]_op_units_1,40
mlp_model,0.018740935251116753,0.13689753559183143,Dip,25,mlp_model_epochs_25_look_back_50_batch_size_4_ip_units_12_hidden_units_[8]_op_units_1,50
mlp_model,0.01659463904798031,0.12882018105863813,Dip,50,mlp_model_epochs_50_look_back_50_batch_size_4_ip_units_12_hidden_units_[8]_op_units_1,50
mlp_model,0.014358735643327236,0.11982794183047306,Dip,100,mlp_model_epochs_100_look_back_50_batch_size_4_ip_units_12_hidden_units_[8]_op_units_1,50
mlp_model,0.009595788083970547,0.09795809350926828,Dip,200,mlp_model_epochs_200_look_back_50_batch_size_4_ip_units_12_hidden_units_[8]_op_units_1,50
mlp_model,1.7724776980007002,1.3313443198514425,Instant,25,mlp_model_epochs_25_look_back_1_batch_size_4_ip_units_12_hidden_units_[8]_op_units_1,1
mlp_model,1.7720470415932594,1.331182572599739,Instant,50,mlp_model_epochs_50_look_back_1_batch_size_4_ip_units_12_hidden_units_[8]_op_units_1,1
mlp_model,1.7721866130398167,1.3312349954233538,Instant,100,mlp_model_epochs_100_look_back_1_batch_size_4_ip_units_12_hidden_units_[8]_op_units_1,1
mlp_model,1.7722342228516936,1.3312528771242875,Instant,200,mlp_model_epochs_200_look_back_1_batch_size_4_ip_units_12_hidden_units_[8]_op_units_1,1
mlp_model,1.8370311532139045,1.3553712233974515,Instant,25,mlp_model_epochs_25_look_back_10_batch_size_4_ip_units_12_hidden_units_[8]_op_units_1,10
mlp_model,1.8365401366112952,1.3551900739790324,Instant,50,mlp_model_epochs_50_look_back_10_batch_size_4_ip_units_12_hidden_units_[8]_op_units_1,10
mlp_model,1.8365371143631446,1.3551889589142705,Instant,100,mlp_model_epochs_100_look_back_10_batch_size_4_ip_units_12_hidden_units_[8]_op_units_1,10
mlp_model,1.8363059956880265,1.3551036844788027,Instant,200,mlp_model_epochs_200_look_back_10_batch_size_4_ip_units_12_hidden_units_[8]_op_units_1,10
mlp_model,2.32790795130691,1.5257483250218267,Instant,25,mlp_model_epochs_25_look_back_20_batch_size_4_ip_units_12_hidden_units_[8]_op_units_1,20
mlp_model,2.4693881476449215,1.571428696328574,Instant,50,mlp_model_epochs_50_look_back_20_batch_size_4_ip_units_12_hidden_units_[8]_op_units_1,20
mlp_model,2.7156088073856326,1.6479104367002573,Instant,100,mlp_model_epochs_100_look_back_20_batch_size_4_ip_units_12_hidden_units_[8]_op_units_1,20
mlp_model,2.710550442629774,1.6463749398693404,Instant,200,mlp_model_epochs_200_look_back_20_batch_size_4_ip_units_12_hidden_units_[8]_op_units_1,20
mlp_model,2.603483253970938,1.6135312993465414,Instant,25,mlp_model_epochs_25_look_back_30_batch_size_4_ip_units_12_hidden_units_[8]_op_units_1,30
mlp_model,2.563112503679349,1.6009723619348804,Instant,50,mlp_model_epochs_50_look_back_30_batch_size_4_ip_units_12_hidden_units_[8]_op_units_1,30
mlp_model,2.448291264512201,1.5647016535148803,Instant,100,mlp_model_epochs_100_look_back_30_batch_size_4_ip_units_12_hidden_units_[8]_op_units_1,30
mlp_model,2.7112194481268097,1.6465781026501018,Instant,200,mlp_model_epochs_200_look_back_30_batch_size_4_ip_units_12_hidden_units_[8]_op_units_1,30
mlp_model,3.9904339531904807,1.9976070567532747,Instant,25,mlp_model_epochs_25_look_back_40_batch_size_4_ip_units_12_hidden_units_[8]_op_units_1,40
mlp_model,3.045794409347347,1.7452204472064115,Instant,50,mlp_model_epochs_50_look_back_40_batch_size_4_ip_units_12_hidden_units_[8]_op_units_1,40
mlp_model,3.4091158449139507,1.8463791173304442,Instant,100,mlp_model_epochs_100_look_back_40_batch_size_4_ip_units_12_hidden_units_[8]_op_units_1,40
mlp_model,2.6716963487809737,1.6345324557135517,Instant,200,mlp_model_epochs_200_look_back_40_batch_size_4_ip_units_12_hidden_units_[8]_op_units_1,40
mlp_model,2.98153744312203,1.7267129011859585,Instant,25,mlp_model_epochs_25_look_back_50_batch_size_4_ip_units_12_hidden_units_[8]_op_units_1,50
mlp_model,3.8005410515676896,1.949497640821268,Instant,50,mlp_model_epochs_50_look_back_50_batch_size_4_ip_units_12_hidden_units_[8]_op_units_1,50
mlp_model,5.216258608721261,2.2839130037550164,Instant,100,mlp_model_epochs_100_look_back_50_batch_size_4_ip_units_12_hidden_units_[8]_op_units_1,50
mlp_model,15.772316736252476,3.971437615807716,Instant,200,mlp_model_epochs_200_look_back_50_batch_size_4_ip_units_12_hidden_units_[8]_op_units_1,50
mlp_model,0.002886637092821977,0.053727433335512845,Not Available,25,mlp_model_epochs_25_look_back_1_batch_size_4_ip_units_12_hidden_units_[8]_op_units_1,1
mlp_model,0.0031195479268465824,0.055852913324611654,Not Available,50,mlp_model_epochs_50_look_back_1_batch_size_4_ip_units_12_hidden_units_[8]_op_units_1,1
mlp_model,0.003140263788571412,0.05603805660951682,Not Available,100,mlp_model_epochs_100_look_back_1_batch_size_4_ip_units_12_hidden_units_[8]_op_units_1,1
mlp_model,0.003059936476606331,0.05531669256749115,Not Available,200,mlp_model_epochs_200_look_back_1_batch_size_4_ip_units_12_hidden_units_[8]_op_units_1,1
mlp_model,0.0029585318731479957,0.054392388007404084,Not Available,25,mlp_model_epochs_25_look_back_10_batch_size_4_ip_units_12_hidden_units_[8]_op_units_1,10
mlp_model,0.0035562770380104173,0.05963452890742424,Not Available,50,mlp_model_epochs_50_look_back_10_batch_size_4_ip_units_12_hidden_units_[8]_op_units_1,10
mlp_model,0.0031294496462787274,0.05594148412652928,Not Available,100,mlp_model_epochs_100_look_back_10_batch_size_4_ip_units_12_hidden_units_[8]_op_units_1,10
mlp_model,0.0033429098452945226,0.057817902463635974,Not Available,200,mlp_model_epochs_200_look_back_10_batch_size_4_ip_units_12_hidden_units_[8]_op_units_1,10
mlp_model,0.0033247639588279347,0.057660766200493166,Not Available,25,mlp_model_epochs_25_look_back_20_batch_size_4_ip_units_12_hidden_units_[8]_op_units_1,20
mlp_model,0.003592137143843704,0.05993444038150105,Not Available,50,mlp_model_epochs_50_look_back_20_batch_size_4_ip_units_12_hidden_units_[8]_op_units_1,20
mlp_model,0.0036508653981563374,0.060422391529600494,Not Available,100,mlp_model_epochs_100_look_back_20_batch_size_4_ip_units_12_hidden_units_[8]_op_units_1,20
mlp_model,0.002013434481838893,0.04487131023091362,Not Available,200,mlp_model_epochs_200_look_back_20_batch_size_4_ip_units_12_hidden_units_[8]_op_units_1,20
mlp_model,0.00414917164432284,0.06441406402582311,Not Available,25,mlp_model_epochs_25_look_back_30_batch_size_4_ip_units_12_hidden_units_[8]_op_units_1,30
mlp_model,0.0006022847155691124,0.02454148967705735,Not Available,50,mlp_model_epochs_50_look_back_30_batch_size_4_ip_units_12_hidden_units_[8]_op_units_1,30
mlp_model,0.003889672420752634,0.06236723836079832,Not Available,100,mlp_model_epochs_100_look_back_30_batch_size_4_ip_units_12_hidden_units_[8]_op_units_1,30
mlp_model,0.003089339335149686,0.05558182558309583,Not Available,200,mlp_model_epochs_200_look_back_30_batch_size_4_ip_units_12_hidden_units_[8]_op_units_1,30
mlp_model,0.0047102398935392085,0.06863118746997758,Not Available,25,mlp_model_epochs_25_look_back_40_batch_size_4_ip_units_12_hidden_units_[8]_op_units_1,40
mlp_model,0.003938902739574698,0.06276067829122545,Not Available,50,mlp_model_epochs_50_look_back_40_batch_size_4_ip_units_12_hidden_units_[8]_op_units_1,40
mlp_model,0.003989671918380761,0.06316384977485746,Not Available,100,mlp_model_epochs_100_look_back_40_batch_size_4_ip_units_12_hidden_units_[8]_op_units_1,40
mlp_model,0.0042809320082800965,0.06542883162857256,Not Available,200,mlp_model_epochs_200_look_back_40_batch_size_4_ip_units_12_hidden_units_[8]_op_units_1,40
mlp_model,0.00533121479127337,0.07301516822738525,Not Available,25,mlp_model_epochs_25_look_back_50_batch_size_4_ip_units_12_hidden_units_[8]_op_units_1,50
mlp_model,0.004857050757124728,0.06969254448737489,Not Available,50,mlp_model_epochs_50_look_back_50_batch_size_4_ip_units_12_hidden_units_[8]_op_units_1,50
mlp_model,0.0038766232912666072,0.0622625352139359,Not Available,100,mlp_model_epochs_100_look_back_50_batch_size_4_ip_units_12_hidden_units_[8]_op_units_1,50
mlp_model,0.0051699214815801265,0.07190216604233927,Not Available,200,mlp_model_epochs_200_look_back_50_batch_size_4_ip_units_12_hidden_units_[8]_op_units_1,50
mlp_model,0.9624730560619369,0.981057111518966,Nut,25,mlp_model_epochs_25_look_back_1_batch_size_4_ip_units_12_hidden_units_[8]_op_units_1,1
mlp_model,0.9649590428167653,0.9823232883408421,Nut,50,mlp_model_epochs_50_look_back_1_batch_size_4_ip_units_12_hidden_units_[8]_op_units_1,1
mlp_model,0.9571126758345502,0.9783213561169715,Nut,100,mlp_model_epochs_100_look_back_1_batch_size_4_ip_units_12_hidden_units_[8]_op_units_1,1
mlp_model,0.9485004169667662,0.9739098608016895,Nut,200,mlp_model_epochs_200_look_back_1_batch_size_4_ip_units_12_hidden_units_[8]_op_units_1,1
mlp_model,0.970169866549187,0.9849720130791468,Nut,25,mlp_model_epochs_25_look_back_10_batch_size_4_ip_units_12_hidden_units_[8]_op_units_1,10
mlp_model,1.0011867432564985,1.0005931956876872,Nut,50,mlp_model_epochs_50_look_back_10_batch_size_4_ip_units_12_hidden_units_[8]_op_units_1,10
mlp_model,1.0432645900816213,1.021403245580129,Nut,100,mlp_model_epochs_100_look_back_10_batch_size_4_ip_units_12_hidden_units_[8]_op_units_1,10
mlp_model,1.1385765083012034,1.067041005913645,Nut,200,mlp_model_epochs_200_look_back_10_batch_size_4_ip_units_12_hidden_units_[8]_op_units_1,10
mlp_model,0.9943028347105043,0.9971473485450906,Nut,25,mlp_model_epochs_25_look_back_20_batch_size_4_ip_units_12_hidden_units_[8]_op_units_1,20
mlp_model,1.048549790922393,1.0239872025188563,Nut,50,mlp_model_epochs_50_look_back_20_batch_size_4_ip_units_12_hidden_units_[8]_op_units_1,20
mlp_model,1.0996529914629765,1.048643405292274,Nut,100,mlp_model_epochs_100_look_back_20_batch_size_4_ip_units_12_hidden_units_[8]_op_units_1,20
mlp_model,1.578553009746421,1.2564047953372437,Nut,200,mlp_model_epochs_200_look_back_20_batch_size_4_ip_units_12_hidden_units_[8]_op_units_1,20
mlp_model,0.9919319677033595,0.9959578142187346,Nut,25,mlp_model_epochs_25_look_back_30_batch_size_4_ip_units_12_hidden_units_[8]_op_units_1,30
mlp_model,1.1222079728863068,1.0593431799404323,Nut,50,mlp_model_epochs_50_look_back_30_batch_size_4_ip_units_12_hidden_units_[8]_op_units_1,30
mlp_model,1.6974646824279003,1.302867868368815,Nut,100,mlp_model_epochs_100_look_back_30_batch_size_4_ip_units_12_hidden_units_[8]_op_units_1,30
mlp_model,1.6177176857101065,1.2718953124019707,Nut,200,mlp_model_epochs_200_look_back_30_batch_size_4_ip_units_12_hidden_units_[8]_op_units_1,30
mlp_model,1.104663288934487,1.051029632757558,Nut,25,mlp_model_epochs_25_look_back_40_batch_size_4_ip_units_12_hidden_units_[8]_op_units_1,40
mlp_model,1.151152950093568,1.0729179605606236,Nut,50,mlp_model_epochs_50_look_back_40_batch_size_4_ip_units_12_hidden_units_[8]_op_units_1,40
mlp_model,1.8165239397888986,1.3477848269619668,Nut,100,mlp_model_epochs_100_look_back_40_batch_size_4_ip_units_12_hidden_units_[8]_op_units_1,40
mlp_model,1.8216915517766898,1.3497005415190029,Nut,200,mlp_model_epochs_200_look_back_40_batch_size_4_ip_units_12_hidden_units_[8]_op_units_1,40
mlp_model,1.0121609592700707,1.0060621050760588,Nut,25,mlp_model_epochs_25_look_back_50_batch_size_4_ip_units_12_hidden_units_[8]_op_units_1,50
mlp_model,1.6343508292646969,1.2784173142071789,Nut,50,mlp_model_epochs_50_look_back_50_batch_size_4_ip_units_12_hidden_units_[8]_op_units_1,50
mlp_model,1.92655455744734,1.3880038031098259,Nut,100,mlp_model_epochs_100_look_back_50_batch_size_4_ip_units_12_hidden_units_[8]_op_units_1,50
mlp_model,1.7549300620368882,1.3247377333030446,Nut,200,mlp_model_epochs_200_look_back_50_batch_size_4_ip_units_12_hidden_units_[8]_op_units_1,50
mlp_model,1.1649191826581955,1.0793142186861968,Powder,25,mlp_model_epochs_25_look_back_1_batch_size_4_ip_units_12_hidden_units_[8]_op_units_1,1
mlp_model,1.1646762216765536,1.0792016594115086,Powder,50,mlp_model_epochs_50_look_back_1_batch_size_4_ip_units_12_hidden_units_[8]_op_units_1,1
mlp_model,1.165868220151413,1.0797537775582973,Powder,100,mlp_model_epochs_100_look_back_1_batch_size_4_ip_units_12_hidden_units_[8]_op_units_1,1
mlp_model,1.1699444152370626,1.0816396882682617,Powder,200,mlp_model_epochs_200_look_back_1_batch_size_4_ip_units_12_hidden_units_[8]_op_units_1,1
mlp_model,1.154000508308899,1.0742441567487808,Powder,25,mlp_model_epochs_25_look_back_10_batch_size_4_ip_units_12_hidden_units_[8]_op_units_1,10
mlp_model,1.1704725881152955,1.081883814517666,Powder,50,mlp_model_epochs_50_look_back_10_batch_size_4_ip_units_12_hidden_units_[8]_op_units_1,10
mlp_model,1.1615624909334985,1.0777580855338078,Powder,100,mlp_model_epochs_100_look_back_10_batch_size_4_ip_units_12_hidden_units_[8]_op_units_1,10
mlp_model,1.3045496804502288,1.142168849360824,Powder,200,mlp_model_epochs_200_look_back_10_batch_size_4_ip_units_12_hidden_units_[8]_op_units_1,10
mlp_model,1.2609093168225043,1.1229021848863348,Powder,25,mlp_model_epochs_25_look_back_20_batch_size_4_ip_units_12_hidden_units_[8]_op_units_1,20
mlp_model,1.1840193160495156,1.088126516563913,Powder,50,mlp_model_epochs_50_look_back_20_batch_size_4_ip_units_12_hidden_units_[8]_op_units_1,20
mlp_model,1.2498120814024543,1.1179499458394613,Powder,100,mlp_model_epochs_100_look_back_20_batch_size_4_ip_units_12_hidden_units_[8]_op_units_1,20
mlp_model,1.4073865909614942,1.1863332545964873,Powder,200,mlp_model_epochs_200_look_back_20_batch_size_4_ip_units_12_hidden_units_[8]_op_units_1,20
mlp_model,0.9975366267941094,0.9987675539354036,Powder,25,mlp_model_epochs_25_look_back_30_batch_size_4_ip_units_12_hidden_units_[8]_op_units_1,30
mlp_model,1.0370517282613687,1.0183573676570365,Powder,50,mlp_model_epochs_50_look_back_30_batch_size_4_ip_units_12_hidden_units_[8]_op_units_1,30
mlp_model,1.0858078770605581,1.0420210540390047,Powder,100,mlp_model_epochs_100_look_back_30_batch_size_4_ip_units_12_hidden_units_[8]_op_units_1,30
mlp_model,1.42319855061526,1.1929788558961387,Powder,200,mlp_model_epochs_200_look_back_30_batch_size_4_ip_units_12_hidden_units_[8]_op_units_1,30
mlp_model,0.8589869332543322,0.9268154796151886,Powder,25,mlp_model_epochs_25_look_back_40_batch_size_4_ip_units_12_hidden_units_[8]_op_units_1,40
mlp_model,1.1842550366472835,1.0882348260588262,Powder,50,mlp_model_epochs_50_look_back_40_batch_size_4_ip_units_12_hidden_units_[8]_op_units_1,40
mlp_model,1.6605205422215095,1.2886118663979118,Powder,100,mlp_model_epochs_100_look_back_40_batch_size_4_ip_units_12_hidden_units_[8]_op_units_1,40
mlp_model,3.137546346636019,1.7713120410125425,Powder,200,mlp_model_epochs_200_look_back_40_batch_size_4_ip_units_12_hidden_units_[8]_op_units_1,40
mlp_model,0.48000961102033946,0.6928272591493059,Powder,25,mlp_model_epochs_25_look_back_50_batch_size_4_ip_units_12_hidden_units_[8]_op_units_1,50
mlp_model,1.3173384812532687,1.147753667497198,Powder,50,mlp_model_epochs_50_look_back_50_batch_size_4_ip_units_12_hidden_units_[8]_op_units_1,50
mlp_model,1.7863983197101192,1.3365621271419146,Powder,100,mlp_model_epochs_100_look_back_50_batch_size_4_ip_units_12_hidden_units_[8]_op_units_1,50
mlp_model,2.309975373526083,1.5198603138203468,Powder,200,mlp_model_epochs_200_look_back_50_batch_size_4_ip_units_12_hidden_units_[8]_op_units_1,50
mlp_model,1.346561792339732,1.160414491610533,Supplement,25,mlp_model_epochs_25_look_back_1_batch_size_4_ip_units_12_hidden_units_[8]_op_units_1,1
mlp_model,1.3453694578157112,1.159900624112131,Supplement,50,mlp_model_epochs_50_look_back_1_batch_size_4_ip_units_12_hidden_units_[8]_op_units_1,1
mlp_model,1.3394375735886483,1.157340733573587,Supplement,100,mlp_model_epochs_100_look_back_1_batch_size_4_ip_units_12_hidden_units_[8]_op_units_1,1
mlp_model,1.338424225923101,1.1569028593287773,Supplement,200,mlp_model_epochs_200_look_back_1_batch_size_4_ip_units_12_hidden_units_[8]_op_units_1,1
mlp_model,1.4051621297954535,1.1853953474665968,Supplement,25,mlp_model_epochs_25_look_back_10_batch_size_4_ip_units_12_hidden_units_[8]_op_units_1,10
mlp_model,1.4757997679722603,1.214824994792361,Supplement,50,mlp_model_epochs_50_look_back_10_batch_size_4_ip_units_12_hidden_units_[8]_op_units_1,10
mlp_model,1.5037675222809441,1.2262819913384295,Supplement,100,mlp_model_epochs_100_look_back_10_batch_size_4_ip_units_12_hidden_units_[8]_op_units_1,10
mlp_model,1.586356197254824,1.2595063307720307,Supplement,200,mlp_model_epochs_200_look_back_10_batch_size_4_ip_units_12_hidden_units_[8]_op_units_1,10
mlp_model,1.4445075266636336,1.2018766686576596,Supplement,25,mlp_model_epochs_25_look_back_20_batch_size_4_ip_units_12_hidden_units_[8]_op_units_1,20
mlp_model,1.7537891774509962,1.3243070555769898,Supplement,50,mlp_model_epochs_50_look_back_20_batch_size_4_ip_units_12_hidden_units_[8]_op_units_1,20
mlp_model,2.1638142488833165,1.4709909071382177,Supplement,100,mlp_model_epochs_100_look_back_20_batch_size_4_ip_units_12_hidden_units_[8]_op_units_1,20
mlp_model,2.7598159150180654,1.661269368590797,Supplement,200,mlp_model_epochs_200_look_back_20_batch_size_4_ip_units_12_hidden_units_[8]_op_units_1,20
mlp_model,1.6575981334650092,1.287477430274026,Supplement,25,mlp_model_epochs_25_look_back_30_batch_size_4_ip_units_12_hidden_units_[8]_op_units_1,30
mlp_model,1.9160125739872456,1.3842010598129324,Supplement,50,mlp_model_epochs_50_look_back_30_batch_size_4_ip_units_12_hidden_units_[8]_op_units_1,30
mlp_model,2.5473457202647944,1.5960406386633126,Supplement,100,mlp_model_epochs_100_look_back_30_batch_size_4_ip_units_12_hidden_units_[8]_op_units_1,30
mlp_model,3.9327509328722954,1.983116469820241,Supplement,200,mlp_model_epochs_200_look_back_30_batch_size_4_ip_units_12_hidden_units_[8]_op_units_1,30
mlp_model,1.7692410288570084,1.3301282001585442,Supplement,25,mlp_model_epochs_25_look_back_40_batch_size_4_ip_units_12_hidden_units_[8]_op_units_1,40
mlp_model,2.400815530497337,1.5494565274628833,Supplement,50,mlp_model_epochs_50_look_back_40_batch_size_4_ip_units_12_hidden_units_[8]_op_units_1,40
mlp_model,2.772743015228031,1.6651555528622637,Supplement,100,mlp_model_epochs_100_look_back_40_batch_size_4_ip_units_12_hidden_units_[8]_op_units_1,40
mlp_model,3.126867565770294,1.7682951014381887,Supplement,200,mlp_model_epochs_200_look_back_40_batch_size_4_ip_units_12_hidden_units_[8]_op_units_1,40
mlp_model,1.8344218229107998,1.354408292543574,Supplement,25,mlp_model_epochs_25_look_back_50_batch_size_4_ip_units_12_hidden_units_[8]_op_units_1,50
mlp_model,2.4870226061811636,1.5770296782816624,Supplement,50,mlp_model_epochs_50_look_back_50_batch_size_4_ip_units_12_hidden_units_[8]_op_units_1,50
mlp_model,3.251514606177807,1.8031956649731073,Supplement,100,mlp_model_epochs_100_look_back_50_batch_size_4_ip_units_12_hidden_units_[8]_op_units_1,50
mlp_model,2.7924449837894416,1.6710610353273878,Supplement,200,mlp_model_epochs_200_look_back_50_batch_size_4_ip_units_12_hidden_units_[8]_op_units_1,50
mlp_model,0.7515816103681745,0.8669380660509576,Tobacco,25,mlp_model_epochs_25_look_back_1_batch_size_4_ip_units_12_hidden_units_[8]_op_units_1,1
mlp_model,0.7516380390814936,0.8669706102755119,Tobacco,50,mlp_model_epochs_50_look_back_1_batch_size_4_ip_units_12_hidden_units_[8]_op_units_1,1
mlp_model,0.7516754950385673,0.8669922116366255,Tobacco,100,mlp_model_epochs_100_look_back_1_batch_size_4_ip_units_12_hidden_units_[8]_op_units_1,1
mlp_model,0.7516500842223761,0.8669775569311907,Tobacco,200,mlp_model_epochs_200_look_back_1_batch_size_4_ip_units_12_hidden_units_[8]_op_units_1,1
mlp_model,0.7788705333464275,0.8825364204079215,Tobacco,25,mlp_model_epochs_25_look_back_10_batch_size_4_ip_units_12_hidden_units_[8]_op_units_1,10
mlp_model,0.7791677452318493,0.8827047894012183,Tobacco,50,mlp_model_epochs_50_look_back_10_batch_size_4_ip_units_12_hidden_units_[8]_op_units_1,10
mlp_model,0.7789048266401,0.8825558490203892,Tobacco,100,mlp_model_epochs_100_look_back_10_batch_size_4_ip_units_12_hidden_units_[8]_op_units_1,10
mlp_model,0.7789171623283392,0.8825628376089372,Tobacco,200,mlp_model_epochs_200_look_back_10_batch_size_4_ip_units_12_hidden_units_[8]_op_units_1,10
mlp_model,0.8126267253851088,0.9014581107212408,Tobacco,25,mlp_model_epochs_25_look_back_20_batch_size_4_ip_units_12_hidden_units_[8]_op_units_1,20
mlp_model,0.8124855638155316,0.90137981107607,Tobacco,50,mlp_model_epochs_50_look_back_20_batch_size_4_ip_units_12_hidden_units_[8]_op_units_1,20
mlp_model,0.8119096323120424,0.9010602822852877,Tobacco,100,mlp_model_epochs_100_look_back_20_batch_size_4_ip_units_12_hidden_units_[8]_op_units_1,20
mlp_model,0.8118471179992551,0.901025592310926,Tobacco,200,mlp_model_epochs_200_look_back_20_batch_size_4_ip_units_12_hidden_units_[8]_op_units_1,20
mlp_model,0.846565555968222,0.920089971670283,Tobacco,25,mlp_model_epochs_25_look_back_30_batch_size_4_ip_units_12_hidden_units_[8]_op_units_1,30
mlp_model,0.8480829675972927,0.9209142020825245,Tobacco,50,mlp_model_epochs_50_look_back_30_batch_size_4_ip_units_12_hidden_units_[8]_op_units_1,30
mlp_model,0.8468031954050405,0.9202191018475113,Tobacco,100,mlp_model_epochs_100_look_back_30_batch_size_4_ip_units_12_hidden_units_[8]_op_units_1,30
mlp_model,0.8477545912683127,0.9207358965894143,Tobacco,200,mlp_model_epochs_200_look_back_30_batch_size_4_ip_units_12_hidden_units_[8]_op_units_1,30
mlp_model,0.8855095304109191,0.9410151595011204,Tobacco,25,mlp_model_epochs_25_look_back_40_batch_size_4_ip_units_12_hidden_units_[8]_op_units_1,40
mlp_model,0.8867168184500361,0.9416564227201109,Tobacco,50,mlp_model_epochs_50_look_back_40_batch_size_4_ip_units_12_hidden_units_[8]_op_units_1,40
mlp_model,0.8873816223148143,0.9420093536238451,Tobacco,100,mlp_model_epochs_100_look_back_40_batch_size_4_ip_units_12_hidden_units_[8]_op_units_1,40
mlp_model,0.8845846505908276,0.9405236044836023,Tobacco,200,mlp_model_epochs_200_look_back_40_batch_size_4_ip_units_12_hidden_units_[8]_op_units_1,40
mlp_model,0.9260040915245304,0.9622910638286788,Tobacco,25,mlp_model_epochs_25_look_back_50_batch_size_4_ip_units_12_hidden_units_[8]_op_units_1,50
mlp_model,0.9258691057398477,0.9622209235616568,Tobacco,50,mlp_model_epochs_50_look_back_50_batch_size_4_ip_units_12_hidden_units_[8]_op_units_1,50
mlp_model,0.9287620271298139,0.9637230033208785,Tobacco,100,mlp_model_epochs_100_look_back_50_batch_size_4_ip_units_12_hidden_units_[8]_op_units_1,50
mlp_model,0.9274327392728688,0.9630330935502003,Tobacco,200,mlp_model_epochs_200_look_back_50_batch_size_4_ip_units_12_hidden_units_[8]_op_units_1,50
lstm_model,0.976015208060798,0.9879348197430831,BreadCrumb,50,lstm_model_epochs_50_look_back_1_batch_size_4_stacked_units_[4]_op_units_1,1
lstm_model,0.9758186940354086,0.9878353577572573,BreadCrumb,100,lstm_model_epochs_100_look_back_1_batch_size_4_stacked_units_[4]_op_units_1,1
lstm_model,0.975823564388653,0.9878378229186474,BreadCrumb,200,lstm_model_epochs_200_look_back_1_batch_size_4_stacked_units_[4]_op_units_1,1
lstm_model,0.9762612687710952,0.9880593447617887,BreadCrumb,300,lstm_model_epochs_300_look_back_1_batch_size_4_stacked_units_[4]_op_units_1,1
lstm_model,0.9755317264718736,0.9876900963722749,BreadCrumb,600,lstm_model_epochs_600_look_back_1_batch_size_4_stacked_units_[4]_op_units_1,1
lstm_model,1.01991094347017,1.009906403321699,BreadCrumb,50,lstm_model_epochs_50_look_back_10_batch_size_4_stacked_units_[4]_op_units_1,10
lstm_model,1.0162481456407209,1.0080913379454863,BreadCrumb,100,lstm_model_epochs_100_look_back_10_batch_size_4_stacked_units_[4]_op_units_1,10
lstm_model,1.0460043524069422,1.0227435418554067,BreadCrumb,200,lstm_model_epochs_200_look_back_10_batch_size_4_stacked_units_[4]_op_units_1,10
lstm_model,1.1158364241757643,1.056331588174738,BreadCrumb,300,lstm_model_epochs_300_look_back_10_batch_size_4_stacked_units_[4]_op_units_1,10
lstm_model,1.1884391517960466,1.090155563117506,BreadCrumb,600,lstm_model_epochs_600_look_back_10_batch_size_4_stacked_units_[4]_op_units_1,10
lstm_model,1.0725786961977266,1.03565375304574,BreadCrumb,50,lstm_model_epochs_50_look_back_20_batch_size_4_stacked_units_[4]_op_units_1,20
lstm_model,1.0749202594999323,1.0367836126694578,BreadCrumb,100,lstm_model_epochs_100_look_back_20_batch_size_4_stacked_units_[4]_op_units_1,20
lstm_model,1.1103928901282991,1.053751816192171,BreadCrumb,200,lstm_model_epochs_200_look_back_20_batch_size_4_stacked_units_[4]_op_units_1,20
lstm_model,1.2621400736025574,1.1234500761504969,BreadCrumb,300,lstm_model_epochs_300_look_back_20_batch_size_4_stacked_units_[4]_op_units_1,20
lstm_model,1.514984139549729,1.2308469196247473,BreadCrumb,600,lstm_model_epochs_600_look_back_20_batch_size_4_stacked_units_[4]_op_units_1,20
lstm_model,1.1488031189822192,1.071822335549236,BreadCrumb,50,lstm_model_epochs_50_look_back_30_batch_size_4_stacked_units_[4]_op_units_1,30
lstm_model,1.1314781029276284,1.0637095952033282,BreadCrumb,100,lstm_model_epochs_100_look_back_30_batch_size_4_stacked_units_[4]_op_units_1,30
lstm_model,1.277965944659497,1.1304715585363025,BreadCrumb,200,lstm_model_epochs_200_look_back_30_batch_size_4_stacked_units_[4]_op_units_1,30
lstm_model,1.3449599548475817,1.159724085654679,BreadCrumb,300,lstm_model_epochs_300_look_back_30_batch_size_4_stacked_units_[4]_op_units_1,30
lstm_model,1.5648027371748217,1.2509207557534656,BreadCrumb,600,lstm_model_epochs_600_look_back_30_batch_size_4_stacked_units_[4]_op_units_1,30
lstm_model,1.289089657157381,1.1353808423420668,BreadCrumb,50,lstm_model_epochs_50_look_back_40_batch_size_4_stacked_units_[4]_op_units_1,40
lstm_model,1.463604315836853,1.2097951544938725,BreadCrumb,100,lstm_model_epochs_100_look_back_40_batch_size_4_stacked_units_[4]_op_units_1,40
lstm_model,1.5267238120383053,1.2356066574919,BreadCrumb,200,lstm_model_epochs_200_look_back_40_batch_size_4_stacked_units_[4]_op_units_1,40
lstm_model,1.9864444832674393,1.4094128150642875,BreadCrumb,300,lstm_model_epochs_300_look_back_40_batch_size_4_stacked_units_[4]_op_units_1,40
lstm_model,2.4009935283145616,1.5495139651886205,BreadCrumb,600,lstm_model_epochs_600_look_back_40_batch_size_4_stacked_units_[4]_op_units_1,40
lstm_model,1.8084135563569326,1.3447726783203668,BreadCrumb,50,lstm_model_epochs_50_look_back_50_batch_size_4_stacked_units_[4]_op_units_1,50
lstm_model,2.4659812755006203,1.5703443174987517,BreadCrumb,100,lstm_model_epochs_100_look_back_50_batch_size_4_stacked_units_[4]_op_units_1,50
lstm_model,2.8205873160486057,1.6794604240792952,BreadCrumb,200,lstm_model_epochs_200_look_back_50_batch_size_4_stacked_units_[4]_op_units_1,50
lstm_model,4.364973208118303,2.0892518297510962,BreadCrumb,300,lstm_model_epochs_300_look_back_50_batch_size_4_stacked_units_[4]_op_units_1,50
lstm_model,3.487528954185385,1.8674926918693378,BreadCrumb,600,lstm_model_epochs_600_look_back_50_batch_size_4_stacked_units_[4]_op_units_1,50
lstm_model,0.30894913558255543,0.5558319310570017,Candy,50,lstm_model_epochs_50_look_back_1_batch_size_4_stacked_units_[4]_op_units_1,1
lstm_model,0.3089644223628308,0.5558456821482297,Candy,100,lstm_model_epochs_100_look_back_1_batch_size_4_stacked_units_[4]_op_units_1,1
lstm_model,0.3090008775236107,0.5558784737005119,Candy,200,lstm_model_epochs_200_look_back_1_batch_size_4_stacked_units_[4]_op_units_1,1
lstm_model,0.30900867606546334,0.5558854882666603,Candy,300,lstm_model_epochs_300_look_back_1_batch_size_4_stacked_units_[4]_op_units_1,1
lstm_model,0.3090587292941427,0.5559305076123657,Candy,600,lstm_model_epochs_600_look_back_1_batch_size_4_stacked_units_[4]_op_units_1,1
lstm_model,0.32329459232000846,0.5685900037109415,Candy,50,lstm_model_epochs_50_look_back_10_batch_size_4_stacked_units_[4]_op_units_1,10
lstm_model,0.3240313090233239,0.5692374803395538,Candy,100,lstm_model_epochs_100_look_back_10_batch_size_4_stacked_units_[4]_op_units_1,10
lstm_model,0.32952170164160216,0.5740398084119273,Candy,200,lstm_model_epochs_200_look_back_10_batch_size_4_stacked_units_[4]_op_units_1,10
lstm_model,0.3312548948986242,0.5755474740615445,Candy,300,lstm_model_epochs_300_look_back_10_batch_size_4_stacked_units_[4]_op_units_1,10
lstm_model,0.33280868987842904,0.5768957357083072,Candy,600,lstm_model_epochs_600_look_back_10_batch_size_4_stacked_units_[4]_op_units_1,10
lstm_model,0.36090559932566446,0.6007541920999507,Candy,50,lstm_model_epochs_50_look_back_20_batch_size_4_stacked_units_[4]_op_units_1,20
lstm_model,0.3943083808064843,0.6279397907494669,Candy,100,lstm_model_epochs_100_look_back_20_batch_size_4_stacked_units_[4]_op_units_1,20
lstm_model,0.4031407042492567,0.6349336219237856,Candy,200,lstm_model_epochs_200_look_back_20_batch_size_4_stacked_units_[4]_op_units_1,20
lstm_model,0.407397033370092,0.6382766119560483,Candy,300,lstm_model_epochs_300_look_back_20_batch_size_4_stacked_units_[4]_op_units_1,20
lstm_model,0.42959011470974606,0.655431243312177,Candy,600,lstm_model_epochs_600_look_back_20_batch_size_4_stacked_units_[4]_op_units_1,20
lstm_model,0.39270236825515376,0.6266596909448969,Candy,50,lstm_model_epochs_50_look_back_30_batch_size_4_stacked_units_[4]_op_units_1,30
lstm_model,0.4282991832369589,0.6544457068672381,Candy,100,lstm_model_epochs_100_look_back_30_batch_size_4_stacked_units_[4]_op_units_1,30
lstm_model,0.43802665960681353,0.6618358252669717,Candy,200,lstm_model_epochs_200_look_back_30_batch_size_4_stacked_units_[4]_op_units_1,30
lstm_model,0.4514126524614507,0.6718724971759528,Candy,300,lstm_model_epochs_300_look_back_30_batch_size_4_stacked_units_[4]_op_units_1,30
lstm_model,0.489430347819507,0.6995929872572387,Candy,600,lstm_model_epochs_600_look_back_30_batch_size_4_stacked_units_[4]_op_units_1,30
lstm_model,0.46192684254709593,0.6796520010616433,Candy,50,lstm_model_epochs_50_look_back_40_batch_size_4_stacked_units_[4]_op_units_1,40
lstm_model,0.48464492792274505,0.6961644402888911,Candy,100,lstm_model_epochs_100_look_back_40_batch_size_4_stacked_units_[4]_op_units_1,40
lstm_model,0.4916357500877783,0.7011674194425881,Candy,200,lstm_model_epochs_200_look_back_40_batch_size_4_stacked_units_[4]_op_units_1,40
lstm_model,0.5081963708933506,0.7128789314416233,Candy,300,lstm_model_epochs_300_look_back_40_batch_size_4_stacked_units_[4]_op_units_1,40
lstm_model,0.5005078061699223,0.7074657632493054,Candy,600,lstm_model_epochs_600_look_back_40_batch_size_4_stacked_units_[4]_op_units_1,40
lstm_model,0.42651588425916787,0.6530818358055657,Candy,50,lstm_model_epochs_50_look_back_50_batch_size_4_stacked_units_[4]_op_units_1,50
lstm_model,0.4208596391391064,0.6487369568161709,Candy,100,lstm_model_epochs_100_look_back_50_batch_size_4_stacked_units_[4]_op_units_1,50
lstm_model,0.4539280133160669,0.6737418001846605,Candy,200,lstm_model_epochs_200_look_back_50_batch_size_4_stacked_units_[4]_op_units_1,50
lstm_model,0.41775432026299636,0.6463391681331067,Candy,300,lstm_model_epochs_300_look_back_50_batch_size_4_stacked_units_[4]_op_units_1,50
lstm_model,0.44514867712118134,0.6671946321135844,Candy,600,lstm_model_epochs_600_look_back_50_batch_size_4_stacked_units_[4]_op_units_1,50
lstm_model,3.3440881449096054,1.8286848128941207,Default,50,lstm_model_epochs_50_look_back_1_batch_size_4_stacked_units_[4]_op_units_1,1
lstm_model,3.343877781228829,1.8286272942370814,Default,100,lstm_model_epochs_100_look_back_1_batch_size_4_stacked_units_[4]_op_units_1,1
lstm_model,3.3438806846250575,1.8286280881100612,Default,200,lstm_model_epochs_200_look_back_1_batch_size_4_stacked_units_[4]_op_units_1,1
lstm_model,3.3441359334194614,1.8286978792078974,Default,300,lstm_model_epochs_300_look_back_1_batch_size_4_stacked_units_[4]_op_units_1,1
lstm_model,3.343877431571384,1.828627198630542,Default,600,lstm_model_epochs_600_look_back_1_batch_size_4_stacked_units_[4]_op_units_1,1
lstm_model,3.471764021535565,1.8632670290475182,Default,50,lstm_model_epochs_50_look_back_10_batch_size_4_stacked_units_[4]_op_units_1,10
lstm_model,3.475426784915025,1.864249657346093,Default,100,lstm_model_epochs_100_look_back_10_batch_size_4_stacked_units_[4]_op_units_1,10
lstm_model,3.4708761988726797,1.8630287702750807,Default,200,lstm_model_epochs_200_look_back_10_batch_size_4_stacked_units_[4]_op_units_1,10
lstm_model,3.471399414551551,1.863169185702563,Default,300,lstm_model_epochs_300_look_back_10_batch_size_4_stacked_units_[4]_op_units_1,10
lstm_model,3.4795349008235776,1.8653511467880726,Default,600,lstm_model_epochs_600_look_back_10_batch_size_4_stacked_units_[4]_op_units_1,10
lstm_model,3.645268535384765,1.9092586350164205,Default,50,lstm_model_epochs_50_look_back_20_batch_size_4_stacked_units_[4]_op_units_1,20
lstm_model,3.6370083624735856,1.9070942196109728,Default,100,lstm_model_epochs_100_look_back_20_batch_size_4_stacked_units_[4]_op_units_1,20
lstm_model,3.627189332539709,1.904518136574107,Default,200,lstm_model_epochs_200_look_back_20_batch_size_4_stacked_units_[4]_op_units_1,20
lstm_model,3.6355713641388654,1.9067174316449895,Default,300,lstm_model_epochs_300_look_back_20_batch_size_4_stacked_units_[4]_op_units_1,20
lstm_model,3.6297099191663613,1.9051797603287626,Default,600,lstm_model_epochs_600_look_back_20_batch_size_4_stacked_units_[4]_op_units_1,20
lstm_model,3.838227842608051,1.9591395669038107,Default,50,lstm_model_epochs_50_look_back_30_batch_size_4_stacked_units_[4]_op_units_1,30
lstm_model,3.8027666082697187,1.9500683598965751,Default,100,lstm_model_epochs_100_look_back_30_batch_size_4_stacked_units_[4]_op_units_1,30
lstm_model,3.784682913284217,1.9454261521024685,Default,200,lstm_model_epochs_200_look_back_30_batch_size_4_stacked_units_[4]_op_units_1,30
lstm_model,3.796695847085565,1.9485111873134229,Default,300,lstm_model_epochs_300_look_back_30_batch_size_4_stacked_units_[4]_op_units_1,30
lstm_model,3.7920993586145153,1.9473313427905676,Default,600,lstm_model_epochs_600_look_back_30_batch_size_4_stacked_units_[4]_op_units_1,30
lstm_model,3.982540129640392,1.995630258750451,Default,50,lstm_model_epochs_50_look_back_40_batch_size_4_stacked_units_[4]_op_units_1,40
lstm_model,3.976881342687618,1.9942119603210733,Default,100,lstm_model_epochs_100_look_back_40_batch_size_4_stacked_units_[4]_op_units_1,40
lstm_model,4.028436671216781,2.0070965774513145,Default,200,lstm_model_epochs_200_look_back_40_batch_size_4_stacked_units_[4]_op_units_1,40
lstm_model,3.970227092566517,1.9925428709482056,Default,300,lstm_model_epochs_300_look_back_40_batch_size_4_stacked_units_[4]_op_units_1,40
lstm_model,3.9760303443940206,1.9939985818435328,Default,600,lstm_model_epochs_600_look_back_40_batch_size_4_stacked_units_[4]_op_units_1,40
lstm_model,4.195710590241623,2.0483433770346275,Default,50,lstm_model_epochs_50_look_back_50_batch_size_4_stacked_units_[4]_op_units_1,50
lstm_model,4.172799861706866,2.0427432197187354,Default,100,lstm_model_epochs_100_look_back_50_batch_size_4_stacked_units_[4]_op_units_1,50
lstm_model,4.1812053664277,2.0447995907735557,Default,200,lstm_model_epochs_200_look_back_50_batch_size_4_stacked_units_[4]_op_units_1,50
lstm_model,4.194478930101967,2.0480427070991385,Default,300,lstm_model_epochs_300_look_back_50_batch_size_4_stacked_units_[4]_op_units_1,50
lstm_model,4.193807169886343,2.047878699993323,Default,600,lstm_model_epochs_600_look_back_50_batch_size_4_stacked_units_[4]_op_units_1,50
lstm_model,0.017945507541298866,0.13396084331362978,Dip,50,lstm_model_epochs_50_look_back_1_batch_size_4_stacked_units_[4]_op_units_1,1
lstm_model,0.018204838037490845,0.13492530540076922,Dip,100,lstm_model_epochs_100_look_back_1_batch_size_4_stacked_units_[4]_op_units_1,1
lstm_model,0.017985645681619644,0.1341105725944813,Dip,200,lstm_model_epochs_200_look_back_1_batch_size_4_stacked_units_[4]_op_units_1,1
lstm_model,0.01778135634958744,0.13334675230236184,Dip,300,lstm_model_epochs_300_look_back_1_batch_size_4_stacked_units_[4]_op_units_1,1
lstm_model,0.017661578953266144,0.13289687337656272,Dip,600,lstm_model_epochs_600_look_back_1_batch_size_4_stacked_units_[4]_op_units_1,1
lstm_model,0.00878168921917677,0.09371066758473535,Dip,50,lstm_model_epochs_50_look_back_10_batch_size_4_stacked_units_[4]_op_units_1,10
lstm_model,0.008077181875705719,0.08987314323926653,Dip,100,lstm_model_epochs_100_look_back_10_batch_size_4_stacked_units_[4]_op_units_1,10
lstm_model,0.009790378622710705,0.09894634213911449,Dip,200,lstm_model_epochs_200_look_back_10_batch_size_4_stacked_units_[4]_op_units_1,10
lstm_model,0.01005816925317049,0.10029042453380328,Dip,300,lstm_model_epochs_300_look_back_10_batch_size_4_stacked_units_[4]_op_units_1,10
lstm_model,0.00836079940199852,0.0914374070170328,Dip,600,lstm_model_epochs_600_look_back_10_batch_size_4_stacked_units_[4]_op_units_1,10
lstm_model,0.010620936751365662,0.10305792910477904,Dip,50,lstm_model_epochs_50_look_back_20_batch_size_4_stacked_units_[4]_op_units_1,20
lstm_model,0.01182801928371191,0.10875669764990067,Dip,100,lstm_model_epochs_100_look_back_20_batch_size_4_stacked_units_[4]_op_units_1,20
lstm_model,0.011721423827111721,0.10826552464709956,Dip,200,lstm_model_epochs_200_look_back_20_batch_size_4_stacked_units_[4]_op_units_1,20
lstm_model,0.010624119080603123,0.1030733674651368,Dip,300,lstm_model_epochs_300_look_back_20_batch_size_4_stacked_units_[4]_op_units_1,20
lstm_model,0.0167167317122221,0.12929320056453897,Dip,600,lstm_model_epochs_600_look_back_20_batch_size_4_stacked_units_[4]_op_units_1,20
lstm_model,0.013978119939565659,0.1182290993772923,Dip,50,lstm_model_epochs_50_look_back_30_batch_size_4_stacked_units_[4]_op_units_1,30
lstm_model,0.017702864482998848,0.13305211190732316,Dip,100,lstm_model_epochs_100_look_back_30_batch_size_4_stacked_units_[4]_op_units_1,30
lstm_model,0.022842030972242355,0.15113580307869592,Dip,200,lstm_model_epochs_200_look_back_30_batch_size_4_stacked_units_[4]_op_units_1,30
lstm_model,0.018565351143479347,0.136254728884833,Dip,300,lstm_model_epochs_300_look_back_30_batch_size_4_stacked_units_[4]_op_units_1,30
lstm_model,0.020569736137986183,0.14342153303456975,Dip,600,lstm_model_epochs_600_look_back_30_batch_size_4_stacked_units_[4]_op_units_1,30
lstm_model,0.017589306458830833,0.13262468269078284,Dip,50,lstm_model_epochs_50_look_back_40_batch_size_4_stacked_units_[4]_op_units_1,40
lstm_model,0.02129175327718258,0.14591693965123645,Dip,100,lstm_model_epochs_100_look_back_40_batch_size_4_stacked_units_[4]_op_units_1,40
lstm_model,0.01840117573738098,0.13565093341876044,Dip,200,lstm_model_epochs_200_look_back_40_batch_size_4_stacked_units_[4]_op_units_1,40
lstm_model,0.0188509002327919,0.13729858059277925,Dip,300,lstm_model_epochs_300_look_back_40_batch_size_4_stacked_units_[4]_op_units_1,40
lstm_model,0.015852123498916626,0.1259052163292555,Dip,600,lstm_model_epochs_600_look_back_40_batch_size_4_stacked_units_[4]_op_units_1,40
lstm_model,0.02063657157123089,0.14365434755422785,Dip,50,lstm_model_epochs_50_look_back_50_batch_size_4_stacked_units_[4]_op_units_1,50
lstm_model,0.023264259099960327,0.1525262570836914,Dip,100,lstm_model_epochs_100_look_back_50_batch_size_4_stacked_units_[4]_op_units_1,50
lstm_model,0.01953556202352047,0.1397696749066852,Dip,200,lstm_model_epochs_200_look_back_50_batch_size_4_stacked_units_[4]_op_units_1,50
lstm_model,0.014369592070579529,0.11987323333663578,Dip,300,lstm_model_epochs_300_look_back_50_batch_size_4_stacked_units_[4]_op_units_1,50
lstm_model,0.01984391361474991,0.14086842660706447,Dip,600,lstm_model_epochs_600_look_back_50_batch_size_4_stacked_units_[4]_op_units_1,50
lstm_model,1.772165526847609,1.3312270756139273,Instant,50,lstm_model_epochs_50_look_back_1_batch_size_4_stacked_units_[4]_op_units_1,1
lstm_model,1.7722037145186937,1.3312414185709118,Instant,100,lstm_model_epochs_100_look_back_1_batch_size_4_stacked_units_[4]_op_units_1,1
lstm_model,1.7722002654078715,1.3312401231212465,Instant,200,lstm_model_epochs_200_look_back_1_batch_size_4_stacked_units_[4]_op_units_1,1
lstm_model,1.7721975495442455,1.3312391030706112,Instant,300,lstm_model_epochs_300_look_back_1_batch_size_4_stacked_units_[4]_op_units_1,1
lstm_model,1.7721990304870214,1.331239659297687,Instant,600,lstm_model_epochs_600_look_back_1_batch_size_4_stacked_units_[4]_op_units_1,1
lstm_model,1.8362872307432136,1.3550967606570439,Instant,50,lstm_model_epochs_50_look_back_10_batch_size_4_stacked_units_[4]_op_units_1,10
lstm_model,1.8362999109490972,1.3551014393576213,Instant,100,lstm_model_epochs_100_look_back_10_batch_size_4_stacked_units_[4]_op_units_1,10
lstm_model,1.8361469173066072,1.3550449871892103,Instant,200,lstm_model_epochs_200_look_back_10_batch_size_4_stacked_units_[4]_op_units_1,10
lstm_model,1.8360691231720743,1.3550162815154931,Instant,300,lstm_model_epochs_300_look_back_10_batch_size_4_stacked_units_[4]_op_units_1,10
lstm_model,1.8360948375911403,1.3550257700837798,Instant,600,lstm_model_epochs_600_look_back_10_batch_size_4_stacked_units_[4]_op_units_1,10
lstm_model,1.9458767766790648,1.3949468723500063,Instant,50,lstm_model_epochs_50_look_back_20_batch_size_4_stacked_units_[4]_op_units_1,20
lstm_model,1.9365425920732067,1.3915971371317226,Instant,100,lstm_model_epochs_100_look_back_20_batch_size_4_stacked_units_[4]_op_units_1,20
lstm_model,1.9510509793091422,1.3968002646438546,Instant,200,lstm_model_epochs_200_look_back_20_batch_size_4_stacked_units_[4]_op_units_1,20
lstm_model,2.1423746083945665,1.4636852832472445,Instant,300,lstm_model_epochs_300_look_back_20_batch_size_4_stacked_units_[4]_op_units_1,20
lstm_model,2.7838580103799537,1.668489739369096,Instant,600,lstm_model_epochs_600_look_back_20_batch_size_4_stacked_units_[4]_op_units_1,20
lstm_model,2.076137153904418,1.440880686907982,Instant,50,lstm_model_epochs_50_look_back_30_batch_size_4_stacked_units_[4]_op_units_1,30
lstm_model,2.1779182335307854,1.4757771625590312,Instant,100,lstm_model_epochs_100_look_back_30_batch_size_4_stacked_units_[4]_op_units_1,30
lstm_model,2.38239615924171,1.5435012663557195,Instant,200,lstm_model_epochs_200_look_back_30_batch_size_4_stacked_units_[4]_op_units_1,30
lstm_model,2.541478722493951,1.5942015940570222,Instant,300,lstm_model_epochs_300_look_back_30_batch_size_4_stacked_units_[4]_op_units_1,30
lstm_model,2.6945240717556254,1.641500554905671,Instant,600,lstm_model_epochs_600_look_back_30_batch_size_4_stacked_units_[4]_op_units_1,30
lstm_model,2.128117242766591,1.458806787332233,Instant,50,lstm_model_epochs_50_look_back_40_batch_size_4_stacked_units_[4]_op_units_1,40
lstm_model,2.247190417945994,1.499063180104826,Instant,100,lstm_model_epochs_100_look_back_40_batch_size_4_stacked_units_[4]_op_units_1,40
lstm_model,2.5264730632055152,1.5894883023179238,Instant,200,lstm_model_epochs_200_look_back_40_batch_size_4_stacked_units_[4]_op_units_1,40
lstm_model,2.6638333250886896,1.6321254011529536,Instant,300,lstm_model_epochs_300_look_back_40_batch_size_4_stacked_units_[4]_op_units_1,40
lstm_model,3.0522799930830815,1.7470775578328175,Instant,600,lstm_model_epochs_600_look_back_40_batch_size_4_stacked_units_[4]_op_units_1,40
lstm_model,2.315784827102713,1.5217702938034745,Instant,50,lstm_model_epochs_50_look_back_50_batch_size_4_stacked_units_[4]_op_units_1,50
lstm_model,2.5658675755554907,1.6018325678907552,Instant,100,lstm_model_epochs_100_look_back_50_batch_size_4_stacked_units_[4]_op_units_1,50
lstm_model,2.7187161781940077,1.6488529886542365,Instant,200,lstm_model_epochs_200_look_back_50_batch_size_4_stacked_units_[4]_op_units_1,50
lstm_model,2.80964417382604,1.676199324014313,Instant,300,lstm_model_epochs_300_look_back_50_batch_size_4_stacked_units_[4]_op_units_1,50
lstm_model,3.1299080558183405,1.7691546161425067,Instant,600,lstm_model_epochs_600_look_back_50_batch_size_4_stacked_units_[4]_op_units_1,50
lstm_model,0.003061108769694336,0.05532728774930446,Not Available,50,lstm_model_epochs_50_look_back_1_batch_size_4_stacked_units_[4]_op_units_1,1
lstm_model,0.0030590077722261076,0.05530829749889349,Not Available,100,lstm_model_epochs_100_look_back_1_batch_size_4_stacked_units_[4]_op_units_1,1
lstm_model,0.003064426085488363,0.055357258652216176,Not Available,200,lstm_model_epochs_200_look_back_1_batch_size_4_stacked_units_[4]_op_units_1,1
lstm_model,0.0030697991992365346,0.055405768645841694,Not Available,300,lstm_model_epochs_300_look_back_1_batch_size_4_stacked_units_[4]_op_units_1,1
lstm_model,0.0030764815638673754,0.055466039734844735,Not Available,600,lstm_model_epochs_600_look_back_1_batch_size_4_stacked_units_[4]_op_units_1,1
lstm_model,0.003235835047652487,0.05688440074091039,Not Available,50,lstm_model_epochs_50_look_back_10_batch_size_4_stacked_units_[4]_op_units_1,10
lstm_model,0.0033035325764327263,0.0574763653724966,Not Available,100,lstm_model_epochs_100_look_back_10_batch_size_4_stacked_units_[4]_op_units_1,10
lstm_model,0.0033055841121211894,0.05749420937904259,Not Available,200,lstm_model_epochs_200_look_back_10_batch_size_4_stacked_units_[4]_op_units_1,10
lstm_model,0.00331880016344004,0.05760902848894468,Not Available,300,lstm_model_epochs_300_look_back_10_batch_size_4_stacked_units_[4]_op_units_1,10
lstm_model,0.0033285287895896396,0.05769340334552677,Not Available,600,lstm_model_epochs_600_look_back_10_batch_size_4_stacked_units_[4]_op_units_1,10
lstm_model,0.003648821819716921,0.06040547839159062,Not Available,50,lstm_model_epochs_50_look_back_20_batch_size_4_stacked_units_[4]_op_units_1,20
lstm_model,0.0036124807432230213,0.06010391620537734,Not Available,100,lstm_model_epochs_100_look_back_20_batch_size_4_stacked_units_[4]_op_units_1,20
lstm_model,0.003673340369047772,0.060608088313753736,Not Available,200,lstm_model_epochs_200_look_back_20_batch_size_4_stacked_units_[4]_op_units_1,20
lstm_model,0.0036582361755526475,0.06048335453290143,Not Available,300,lstm_model_epochs_300_look_back_20_batch_size_4_stacked_units_[4]_op_units_1,20
lstm_model,0.0037042359347877083,0.06086243451249472,Not Available,600,lstm_model_epochs_600_look_back_20_batch_size_4_stacked_units_[4]_op_units_1,20
lstm_model,0.0038735611929691265,0.062237940140794555,Not Available,50,lstm_model_epochs_50_look_back_30_batch_size_4_stacked_units_[4]_op_units_1,30
lstm_model,0.003949336940422654,0.06284375020972773,Not Available,100,lstm_model_epochs_100_look_back_30_batch_size_4_stacked_units_[4]_op_units_1,30
lstm_model,0.00399807096774956,0.06323030102529609,Not Available,200,lstm_model_epochs_200_look_back_30_batch_size_4_stacked_units_[4]_op_units_1,30
lstm_model,0.0040151376742869616,0.06336511401620738,Not Available,300,lstm_model_epochs_300_look_back_30_batch_size_4_stacked_units_[4]_op_units_1,30
lstm_model,0.004073487050066303,0.06382387523541878,Not Available,600,lstm_model_epochs_600_look_back_30_batch_size_4_stacked_units_[4]_op_units_1,30
lstm_model,0.004364598115958343,0.06606510513091116,Not Available,50,lstm_model_epochs_50_look_back_40_batch_size_4_stacked_units_[4]_op_units_1,40
lstm_model,0.004442681523614398,0.06665344344904019,Not Available,100,lstm_model_epochs_100_look_back_40_batch_size_4_stacked_units_[4]_op_units_1,40
lstm_model,0.0044716137165429996,0.06687012574044555,Not Available,200,lstm_model_epochs_200_look_back_40_batch_size_4_stacked_units_[4]_op_units_1,40
lstm_model,0.004588178132669391,0.067736091802446,Not Available,300,lstm_model_epochs_300_look_back_40_batch_size_4_stacked_units_[4]_op_units_1,40
lstm_model,0.004610879947300826,0.06790346049577169,Not Available,600,lstm_model_epochs_600_look_back_40_batch_size_4_stacked_units_[4]_op_units_1,40
lstm_model,0.0048838379865914,0.06988446169636996,Not Available,50,lstm_model_epochs_50_look_back_50_batch_size_4_stacked_units_[4]_op_units_1,50
lstm_model,0.004907371065415004,0.07005263068161684,Not Available,100,lstm_model_epochs_100_look_back_50_batch_size_4_stacked_units_[4]_op_units_1,50
lstm_model,0.004929946050705279,0.07021357454727169,Not Available,200,lstm_model_epochs_200_look_back_50_batch_size_4_stacked_units_[4]_op_units_1,50
lstm_model,0.005061595782856731,0.07114489287964901,Not Available,300,lstm_model_epochs_300_look_back_50_batch_size_4_stacked_units_[4]_op_units_1,50
lstm_model,0.005099716048468561,0.07141229619938405,Not Available,600,lstm_model_epochs_600_look_back_50_batch_size_4_stacked_units_[4]_op_units_1,50
lstm_model,0.9618400919578763,0.9807344655705112,Nut,50,lstm_model_epochs_50_look_back_1_batch_size_4_stacked_units_[4]_op_units_1,1
lstm_model,0.9583957748921964,0.9789769021239451,Nut,100,lstm_model_epochs_100_look_back_1_batch_size_4_stacked_units_[4]_op_units_1,1
lstm_model,0.9642030113770557,0.9819383948991177,Nut,200,lstm_model_epochs_200_look_back_1_batch_size_4_stacked_units_[4]_op_units_1,1
lstm_model,0.959146009132325,0.9793599997612343,Nut,300,lstm_model_epochs_300_look_back_1_batch_size_4_stacked_units_[4]_op_units_1,1
lstm_model,0.9570172059206152,0.9782725621832676,Nut,600,lstm_model_epochs_600_look_back_1_batch_size_4_stacked_units_[4]_op_units_1,1
lstm_model,0.9190105803188731,0.9586503952530729,Nut,50,lstm_model_epochs_50_look_back_10_batch_size_4_stacked_units_[4]_op_units_1,10
lstm_model,0.9733826020640917,0.9866015416894967,Nut,100,lstm_model_epochs_100_look_back_10_batch_size_4_stacked_units_[4]_op_units_1,10
lstm_model,0.92447302710326,0.9614952038898894,Nut,200,lstm_model_epochs_200_look_back_10_batch_size_4_stacked_units_[4]_op_units_1,10
lstm_model,1.0205224221724956,1.0102090982427825,Nut,300,lstm_model_epochs_300_look_back_10_batch_size_4_stacked_units_[4]_op_units_1,10
lstm_model,1.1634835776735524,1.0786489594272792,Nut,600,lstm_model_epochs_600_look_back_10_batch_size_4_stacked_units_[4]_op_units_1,10
lstm_model,0.9904511803363123,0.9952141379302809,Nut,50,lstm_model_epochs_50_look_back_20_batch_size_4_stacked_units_[4]_op_units_1,20
lstm_model,1.045349123258876,1.0224231625207227,Nut,100,lstm_model_epochs_100_look_back_20_batch_size_4_stacked_units_[4]_op_units_1,20
lstm_model,1.5349878375856285,1.2389462609756843,Nut,200,lstm_model_epochs_200_look_back_20_batch_size_4_stacked_units_[4]_op_units_1,20
lstm_model,1.6740889705908604,1.2938659013170029,Nut,300,lstm_model_epochs_300_look_back_20_batch_size_4_stacked_units_[4]_op_units_1,20
lstm_model,1.6224988639099984,1.2737734743312872,Nut,600,lstm_model_epochs_600_look_back_20_batch_size_4_stacked_units_[4]_op_units_1,20
lstm_model,1.151221786226545,1.0729500390169828,Nut,50,lstm_model_epochs_50_look_back_30_batch_size_4_stacked_units_[4]_op_units_1,30
lstm_model,1.2669347005763225,1.125581938632778,Nut,100,lstm_model_epochs_100_look_back_30_batch_size_4_stacked_units_[4]_op_units_1,30
lstm_model,1.47875309788755,1.2160399244628237,Nut,200,lstm_model_epochs_200_look_back_30_batch_size_4_stacked_units_[4]_op_units_1,30
lstm_model,1.7699761443904467,1.330404504047715,Nut,300,lstm_model_epochs_300_look_back_30_batch_size_4_stacked_units_[4]_op_units_1,30
lstm_model,1.9373341303850924,1.3918815073076776,Nut,600,lstm_model_epochs_600_look_back_30_batch_size_4_stacked_units_[4]_op_units_1,30
lstm_model,1.0983847483087366,1.048038524248387,Nut,50,lstm_model_epochs_50_look_back_40_batch_size_4_stacked_units_[4]_op_units_1,40
lstm_model,1.6083620804771084,1.2682121590952786,Nut,100,lstm_model_epochs_100_look_back_40_batch_size_4_stacked_units_[4]_op_units_1,40
lstm_model,2.0982888444004772,1.4485471495261992,Nut,200,lstm_model_epochs_200_look_back_40_batch_size_4_stacked_units_[4]_op_units_1,40
lstm_model,2.1354557845358535,1.4613198775544844,Nut,300,lstm_model_epochs_300_look_back_40_batch_size_4_stacked_units_[4]_op_units_1,40
lstm_model,2.433223698740808,1.5598793859593145,Nut,600,lstm_model_epochs_600_look_back_40_batch_size_4_stacked_units_[4]_op_units_1,40
lstm_model,1.2507015776400472,1.1183476997964663,Nut,50,lstm_model_epochs_50_look_back_50_batch_size_4_stacked_units_[4]_op_units_1,50
lstm_model,1.2515778824979185,1.1187394167087876,Nut,100,lstm_model_epochs_100_look_back_50_batch_size_4_stacked_units_[4]_op_units_1,50
lstm_model,2.177790401613011,1.4757338518896324,Nut,200,lstm_model_epochs_200_look_back_50_batch_size_4_stacked_units_[4]_op_units_1,50
lstm_model,1.8437004700010897,1.3578293228536087,Nut,300,lstm_model_epochs_300_look_back_50_batch_size_4_stacked_units_[4]_op_units_1,50
lstm_model,1.855779892965859,1.3622701248158748,Nut,600,lstm_model_epochs_600_look_back_50_batch_size_4_stacked_units_[4]_op_units_1,50
lstm_model,1.1644045817316049,1.0790757998081528,Powder,50,lstm_model_epochs_50_look_back_1_batch_size_4_stacked_units_[4]_op_units_1,1
lstm_model,1.1723874584429348,1.0827684232756951,Powder,100,lstm_model_epochs_100_look_back_1_batch_size_4_stacked_units_[4]_op_units_1,1
lstm_model,1.1767014958509225,1.0847587270222454,Powder,200,lstm_model_epochs_200_look_back_1_batch_size_4_stacked_units_[4]_op_units_1,1
lstm_model,1.1752537143206878,1.0840911928065313,Powder,300,lstm_model_epochs_300_look_back_1_batch_size_4_stacked_units_[4]_op_units_1,1
lstm_model,1.178770734004588,1.0857120861465015,Powder,600,lstm_model_epochs_600_look_back_1_batch_size_4_stacked_units_[4]_op_units_1,1
lstm_model,1.1599693012225334,1.0770187097829513,Powder,50,lstm_model_epochs_50_look_back_10_batch_size_4_stacked_units_[4]_op_units_1,10
lstm_model,1.1680335667686628,1.0807560163000078,Powder,100,lstm_model_epochs_100_look_back_10_batch_size_4_stacked_units_[4]_op_units_1,10
lstm_model,1.2053268065706628,1.097873766227549,Powder,200,lstm_model_epochs_200_look_back_10_batch_size_4_stacked_units_[4]_op_units_1,10
lstm_model,1.1499595886676526,1.07236168742997,Powder,300,lstm_model_epochs_300_look_back_10_batch_size_4_stacked_units_[4]_op_units_1,10
lstm_model,1.2906192132905432,1.136054229907421,Powder,600,lstm_model_epochs_600_look_back_10_batch_size_4_stacked_units_[4]_op_units_1,10
lstm_model,1.2441124927379892,1.1153979078059941,Powder,50,lstm_model_epochs_50_look_back_20_batch_size_4_stacked_units_[4]_op_units_1,20
lstm_model,1.2152404129728038,1.1023794323973954,Powder,100,lstm_model_epochs_100_look_back_20_batch_size_4_stacked_units_[4]_op_units_1,20
lstm_model,1.2739380155650215,1.1286886264887326,Powder,200,lstm_model_epochs_200_look_back_20_batch_size_4_stacked_units_[4]_op_units_1,20
lstm_model,1.2715817209070501,1.1276443237595133,Powder,300,lstm_model_epochs_300_look_back_20_batch_size_4_stacked_units_[4]_op_units_1,20
lstm_model,1.2721571723540497,1.127899451349299,Powder,600,lstm_model_epochs_600_look_back_20_batch_size_4_stacked_units_[4]_op_units_1,20
lstm_model,0.856759945113611,0.925613280540859,Powder,50,lstm_model_epochs_50_look_back_30_batch_size_4_stacked_units_[4]_op_units_1,30
lstm_model,0.9122831683531071,0.955135157112912,Powder,100,lstm_model_epochs_100_look_back_30_batch_size_4_stacked_units_[4]_op_units_1,30
lstm_model,1.1372416174687845,1.066415311906569,Powder,200,lstm_model_epochs_200_look_back_30_batch_size_4_stacked_units_[4]_op_units_1,30
lstm_model,1.017933040375023,1.0089266774027847,Powder,300,lstm_model_epochs_300_look_back_30_batch_size_4_stacked_units_[4]_op_units_1,30
lstm_model,1.5809111424355902,1.257342889762212,Powder,600,lstm_model_epochs_600_look_back_30_batch_size_4_stacked_units_[4]_op_units_1,30
lstm_model,0.7992270631872327,0.8939950017685964,Powder,50,lstm_model_epochs_50_look_back_40_batch_size_4_stacked_units_[4]_op_units_1,40
lstm_model,0.981206016458362,0.990558436670125,Powder,100,lstm_model_epochs_100_look_back_40_batch_size_4_stacked_units_[4]_op_units_1,40
lstm_model,1.1261877585376534,1.0612199388145953,Powder,200,lstm_model_epochs_200_look_back_40_batch_size_4_stacked_units_[4]_op_units_1,40
lstm_model,1.3643185398323792,1.1680404701175295,Powder,300,lstm_model_epochs_300_look_back_40_batch_size_4_stacked_units_[4]_op_units_1,40
lstm_model,2.323508132562459,1.5243057870920975,Powder,600,lstm_model_epochs_600_look_back_40_batch_size_4_stacked_units_[4]_op_units_1,40
lstm_model,0.5722729739659995,0.7564872596190894,Powder,50,lstm_model_epochs_50_look_back_50_batch_size_4_stacked_units_[4]_op_units_1,50
lstm_model,0.9075159990758288,0.9526363414629051,Powder,100,lstm_model_epochs_100_look_back_50_batch_size_4_stacked_units_[4]_op_units_1,50
lstm_model,1.5537898285570098,1.2465110623484292,Powder,200,lstm_model_epochs_200_look_back_50_batch_size_4_stacked_units_[4]_op_units_1,50
lstm_model,2.542823913379335,1.5946234393672178,Powder,300,lstm_model_epochs_300_look_back_50_batch_size_4_stacked_units_[4]_op_units_1,50
lstm_model,2.873037434535573,1.695003668000625,Powder,600,lstm_model_epochs_600_look_back_50_batch_size_4_stacked_units_[4]_op_units_1,50
lstm_model,1.3388884055461336,1.1571034549884178,Supplement,50,lstm_model_epochs_50_look_back_1_batch_size_4_stacked_units_[4]_op_units_1,1
lstm_model,1.336830540725836,1.156213881911922,Supplement,100,lstm_model_epochs_100_look_back_1_batch_size_4_stacked_units_[4]_op_units_1,1
lstm_model,1.3373553124458895,1.156440795045682,Supplement,200,lstm_model_epochs_200_look_back_1_batch_size_4_stacked_units_[4]_op_units_1,1
lstm_model,1.3375971383551364,1.156545346432701,Supplement,300,lstm_model_epochs_300_look_back_1_batch_size_4_stacked_units_[4]_op_units_1,1
lstm_model,1.3376133969649966,1.1565523753661122,Supplement,600,lstm_model_epochs_600_look_back_1_batch_size_4_stacked_units_[4]_op_units_1,1
lstm_model,1.4518195275278365,1.2049147386964094,Supplement,50,lstm_model_epochs_50_look_back_10_batch_size_4_stacked_units_[4]_op_units_1,10
lstm_model,1.4511125759511698,1.2046213413148423,Supplement,100,lstm_model_epochs_100_look_back_10_batch_size_4_stacked_units_[4]_op_units_1,10
lstm_model,1.5480937793484477,1.2442241676436154,Supplement,200,lstm_model_epochs_200_look_back_10_batch_size_4_stacked_units_[4]_op_units_1,10
lstm_model,1.6305103091309305,1.2769143703204733,Supplement,300,lstm_model_epochs_300_look_back_10_batch_size_4_stacked_units_[4]_op_units_1,10
lstm_model,1.86668848252443,1.3662680858910634,Supplement,600,lstm_model_epochs_600_look_back_10_batch_size_4_stacked_units_[4]_op_units_1,10
lstm_model,1.5961040468552175,1.2633701147546659,Supplement,50,lstm_model_epochs_50_look_back_20_batch_size_4_stacked_units_[4]_op_units_1,20
lstm_model,1.8143695418555768,1.3469853532446359,Supplement,100,lstm_model_epochs_100_look_back_20_batch_size_4_stacked_units_[4]_op_units_1,20
lstm_model,2.098421163506742,1.4485928218470303,Supplement,200,lstm_model_epochs_200_look_back_20_batch_size_4_stacked_units_[4]_op_units_1,20
lstm_model,2.2075051289593053,1.485767521841592,Supplement,300,lstm_model_epochs_300_look_back_20_batch_size_4_stacked_units_[4]_op_units_1,20
lstm_model,2.44335344249112,1.5631229774048874,Supplement,600,lstm_model_epochs_600_look_back_20_batch_size_4_stacked_units_[4]_op_units_1,20
lstm_model,1.620574436100599,1.273017845947416,Supplement,50,lstm_model_epochs_50_look_back_30_batch_size_4_stacked_units_[4]_op_units_1,30
lstm_model,2.157832812451358,1.4689563684641413,Supplement,100,lstm_model_epochs_100_look_back_30_batch_size_4_stacked_units_[4]_op_units_1,30
lstm_model,2.252088626081656,1.5006960471999837,Supplement,200,lstm_model_epochs_200_look_back_30_batch_size_4_stacked_units_[4]_op_units_1,30
lstm_model,2.5673808126843403,1.6023048438684633,Supplement,300,lstm_model_epochs_300_look_back_30_batch_size_4_stacked_units_[4]_op_units_1,30
lstm_model,3.506676616812391,1.8726122441157942,Supplement,600,lstm_model_epochs_600_look_back_30_batch_size_4_stacked_units_[4]_op_units_1,30
lstm_model,1.8768856051926301,1.3699947464105948,Supplement,50,lstm_model_epochs_50_look_back_40_batch_size_4_stacked_units_[4]_op_units_1,40
lstm_model,2.1981438227067485,1.4826138481434565,Supplement,100,lstm_model_epochs_100_look_back_40_batch_size_4_stacked_units_[4]_op_units_1,40
lstm_model,2.995291934183268,1.7306911723884386,Supplement,200,lstm_model_epochs_200_look_back_40_batch_size_4_stacked_units_[4]_op_units_1,40
lstm_model,3.2242817724141006,1.795628517376047,Supplement,300,lstm_model_epochs_300_look_back_40_batch_size_4_stacked_units_[4]_op_units_1,40
lstm_model,4.630104702488285,2.1517678086838936,Supplement,600,lstm_model_epochs_600_look_back_40_batch_size_4_stacked_units_[4]_op_units_1,40
lstm_model,1.8998032045714996,1.3783334881557148,Supplement,50,lstm_model_epochs_50_look_back_50_batch_size_4_stacked_units_[4]_op_units_1,50
lstm_model,2.6048941428900934,1.6139684454443628,Supplement,100,lstm_model_epochs_100_look_back_50_batch_size_4_stacked_units_[4]_op_units_1,50
lstm_model,3.108783382995456,1.7631742350078328,Supplement,200,lstm_model_epochs_200_look_back_50_batch_size_4_stacked_units_[4]_op_units_1,50
lstm_model,3.086103535165974,1.75673092281259,Supplement,300,lstm_model_epochs_300_look_back_50_batch_size_4_stacked_units_[4]_op_units_1,50
lstm_model,3.1223466507177435,1.7670163130876138,Supplement,600,lstm_model_epochs_600_look_back_50_batch_size_4_stacked_units_[4]_op_units_1,50
lstm_model,0.7516183003032278,0.8669592264364154,Tobacco,50,lstm_model_epochs_50_look_back_1_batch_size_4_stacked_units_[4]_op_units_1,1
lstm_model,0.7516263206360545,0.8669638519777249,Tobacco,100,lstm_model_epochs_100_look_back_1_batch_size_4_stacked_units_[4]_op_units_1,1
lstm_model,0.751636630078785,0.8669697976739357,Tobacco,200,lstm_model_epochs_200_look_back_1_batch_size_4_stacked_units_[4]_op_units_1,1
lstm_model,0.7516470970070586,0.8669758341540199,Tobacco,300,lstm_model_epochs_300_look_back_1_batch_size_4_stacked_units_[4]_op_units_1,1
lstm_model,0.7516521318473305,0.8669787378288643,Tobacco,600,lstm_model_epochs_600_look_back_1_batch_size_4_stacked_units_[4]_op_units_1,1
lstm_model,0.7786879227208627,0.8824329565020012,Tobacco,50,lstm_model_epochs_50_look_back_10_batch_size_4_stacked_units_[4]_op_units_1,10
lstm_model,0.7787595468183353,0.8824735388771355,Tobacco,100,lstm_model_epochs_100_look_back_10_batch_size_4_stacked_units_[4]_op_units_1,10
lstm_model,0.77880914345483,0.8825016393496559,Tobacco,200,lstm_model_epochs_200_look_back_10_batch_size_4_stacked_units_[4]_op_units_1,10
lstm_model,0.7788800140551925,0.882541791676288,Tobacco,300,lstm_model_epochs_300_look_back_10_batch_size_4_stacked_units_[4]_op_units_1,10
lstm_model,0.7789264189856917,0.8825680817850211,Tobacco,600,lstm_model_epochs_600_look_back_10_batch_size_4_stacked_units_[4]_op_units_1,10
lstm_model,0.8115042737851123,0.9008353200142145,Tobacco,50,lstm_model_epochs_50_look_back_20_batch_size_4_stacked_units_[4]_op_units_1,20
lstm_model,0.8116444611063048,0.9009131262814993,Tobacco,100,lstm_model_epochs_100_look_back_20_batch_size_4_stacked_units_[4]_op_units_1,20
lstm_model,0.8122133210188498,0.9012287839493642,Tobacco,200,lstm_model_epochs_200_look_back_20_batch_size_4_stacked_units_[4]_op_units_1,20
lstm_model,0.8119554167385189,0.9010856877891907,Tobacco,300,lstm_model_epochs_300_look_back_20_batch_size_4_stacked_units_[4]_op_units_1,20
lstm_model,0.8122093471312184,0.9012265792414349,Tobacco,600,lstm_model_epochs_600_look_back_20_batch_size_4_stacked_units_[4]_op_units_1,20
lstm_model,0.8465249997353469,0.9200679321307459,Tobacco,50,lstm_model_epochs_50_look_back_30_batch_size_4_stacked_units_[4]_op_units_1,30
lstm_model,0.8464490456033867,0.9200266548331014,Tobacco,100,lstm_model_epochs_100_look_back_30_batch_size_4_stacked_units_[4]_op_units_1,30
lstm_model,0.8472157477382,0.9204432343921052,Tobacco,200,lstm_model_epochs_200_look_back_30_batch_size_4_stacked_units_[4]_op_units_1,30
lstm_model,0.8475651843999523,0.9206330346017094,Tobacco,300,lstm_model_epochs_300_look_back_30_batch_size_4_stacked_units_[4]_op_units_1,30
lstm_model,0.8477567289881206,0.9207370574643559,Tobacco,600,lstm_model_epochs_600_look_back_30_batch_size_4_stacked_units_[4]_op_units_1,30
lstm_model,0.8855263393287094,0.9410240907270703,Tobacco,50,lstm_model_epochs_50_look_back_40_batch_size_4_stacked_units_[4]_op_units_1,40
lstm_model,0.885513765632287,0.9410174098454752,Tobacco,100,lstm_model_epochs_100_look_back_40_batch_size_4_stacked_units_[4]_op_units_1,40
lstm_model,0.8861678612783495,0.9413648927373218,Tobacco,200,lstm_model_epochs_200_look_back_40_batch_size_4_stacked_units_[4]_op_units_1,40
lstm_model,0.8863913101436806,0.9414835687061568,Tobacco,300,lstm_model_epochs_300_look_back_40_batch_size_4_stacked_units_[4]_op_units_1,40
lstm_model,0.885287468735059,0.9408971616149445,Tobacco,600,lstm_model_epochs_600_look_back_40_batch_size_4_stacked_units_[4]_op_units_1,40
lstm_model,0.9260277682461653,0.9623033660162295,Tobacco,50,lstm_model_epochs_50_look_back_50_batch_size_4_stacked_units_[4]_op_units_1,50
lstm_model,0.9265463737201393,0.9625727887906136,Tobacco,100,lstm_model_epochs_100_look_back_50_batch_size_4_stacked_units_[4]_op_units_1,50
lstm_model,0.9278714197248965,0.9632608264249598,Tobacco,200,lstm_model_epochs_200_look_back_50_batch_size_4_stacked_units_[4]_op_units_1,50
lstm_model,0.9268191685362527,0.9627144792389136,Tobacco,300,lstm_model_epochs_300_look_back_50_batch_size_4_stacked_units_[4]_op_units_1,50
lstm_model,0.9257924913699218,0.9621811115221094,Tobacco,600,lstm_model_epochs_600_look_back_50_batch_size_4_stacked_units_[4]_op_units_1,50
